<?xml version='1.0' encoding='utf-8'?>
<tomcat-users>
<!--
  NOTE:  By default, no user is included in the "manager-gui" role required
  to operate the "/manager/html" web application.  If you wish to use this app,
  you must define such a user - the username and password are arbitrary.
-->
<!--
  NOTE:  The sample user and role entries below are wrapped in a comment
  and thus are ignored when reading this file. Do not forget to remove
  <!.. ..> that surrounds them.

    <user username="both" password="tomcat" roles="tomcat,role1"/>
  <user username="tomcat" password="tomcat" roles="manager,tomcat,manager-gui"/>
  <user username="role1" password="tomcat" roles="role1"/>
-->

  <role rolename="manager"/>
  <role rolename="tomcat"/>
  <role rolename="manager-gui"/>
  <role rolename="admin-gui"/>
  <role rolename="role1"/>
  <user username="tomcat" password="tomcat" roles="manager-gui,admin-gui"/>

</tomcat-users>
